"","Critical","Presence","Absence","TotalCellsP","TotalCellsA","ProportionP","ProportionA"
"1","No",984,12192,2119,13902,46.4369985842378,87.6996115666811
"2","Yes",1135,1710,2119,13902,53.5630014157622,12.3003884333189
