"","Scenario2","No","Yes"
"1","Baseline",55.2023121387283,44.7976878612717
"2","Increased Precipitation Only",62.5632377740304,37.4367622259696
"3","Increased Seasonality",63.9784946236559,36.0215053763441
"4","Increased Temperature Only",65.1072124756335,34.8927875243665
"5","Large Perturbations",67.7358490566038,32.2641509433962
"6","Reduced Precipitation Only",54.1973490427099,45.8026509572901
"7","Small Perturbations",59.6912521440823,40.3087478559177
