"","Scenario2","No","Yes"
"1","Baseline",42.0520231213873,57.9479768786127
"2","Increased Precipitation Only",38.2799325463744,61.7200674536256
"3","Increased Seasonality",34.4086021505376,65.5913978494624
"4","Increased Temperature Only",35.0877192982456,64.9122807017544
"5","Large Perturbations",32.0754716981132,67.9245283018868
"6","Reduced Precipitation Only",41.6789396170839,58.3210603829161
"7","Small Perturbations",35.5060034305317,64.4939965694683
