"","Protected","Presence","Absence","TotalCellsP","TotalCellsA","ProportionP","ProportionA"
"1","No",1302,8477,2120,13902,61.4150943396226,60.9768378650554
"2","Yes",818,5425,2120,13902,38.5849056603774,39.0231621349446
