"","Scenario2","No","Yes"
"1","Amplified Extremes",43.5257410296412,56.4742589703588
"2","Baseline",43.1952662721894,56.8047337278106
"3","Drier",43.5855263157895,56.4144736842105
"4","Hotter",31.9642857142857,68.0357142857143
"5","Large Perturbations, drier/hotter",31.5789473684211,68.4210526315789
"6","Large Perturbations, extremes/hotter",33.0449826989619,66.9550173010381
"7","Large Perturbations, wetter/hotter",34.1197822141561,65.8802177858439
"8","Small Perturbations, drier/hotter",35.6589147286822,64.3410852713178
"9","Small Perturbations, extremes/hotter",35.6481481481481,64.3518518518518
"10","Small Perturbations, wetter/hotter",35.3677621283255,64.6322378716745
"11","Wetter",44.104134762634,55.895865237366
