"","Scenario2","No","Yes"
"1","Amplified Extremes",51.4820592823713,48.5179407176287
"2","Baseline",51.9230769230769,48.0769230769231
"3","Drier",50.8223684210526,49.1776315789474
"4","Hotter",63.9285714285714,36.0714285714286
"5","Large Perturbations, drier/hotter",62.4561403508772,37.5438596491228
"6","Large Perturbations, extremes/hotter",66.7820069204152,33.2179930795848
"7","Large Perturbations, wetter/hotter",69.8729582577133,30.1270417422868
"8","Small Perturbations, drier/hotter",58.7596899224806,41.2403100775194
"9","Small Perturbations, extremes/hotter",58.9506172839506,41.0493827160494
"10","Small Perturbations, wetter/hotter",57.2769953051643,42.7230046948357
"11","Wetter",54.0581929555896,45.9418070444104
